Point ID,Easting (m),Northing (m),NGF-IGN69 height H (m),Ellipsoidal height h (m),Grid convergence (deg),Grid scale factor,Elevation factor,Combined scale factor
2,1661099.039,8180053.117,37.298,81.0525,-0.39983633,0.999919625,0.999987298,0.999906924
15,1661223.058,8180045.848,37.557,81.3112,-0.39856115,0.999919628,0.999987257,0.999906887
16,1661212.413,8180042.380,37.668,81.4222,-0.39867031,0.999919630,0.999987240,0.999906871
17,1661207.646,8180040.822,37.598,81.3523,-0.39871919,0.999919631,0.999987251,0.999906883
18,1661203.291,8180039.399,37.542,81.2963,-0.39876385,0.999919632,0.999987260,0.999906892
19,1661199.584,8180038.200,37.480,81.2343,-0.39880186,0.999919632,0.999987269,0.999906903
21,1661203.754,8180064.256,37.630,81.3843,-0.39876087,0.999919619,0.999987246,0.999906866
24,1661168.611,8180021.061,37.518,81.2723,-0.39911898,0.999919641,0.999987263,0.999906905
27,1661111.942,8180019.871,37.377,81.1314,-0.39970133,0.999919642,0.999987286,0.999906928
28,1661105.367,8180027.536,37.482,81.2364,-0.39976946,0.999919638,0.999987269,0.999906908
29,1661094.803,8180026.904,37.077,80.8314,-0.39987799,0.999919638,0.999987333,0.999906972
34,1661113.818,8180108.269,35.855,79.6095,-0.39968839,0.999919598,0.999987524,0.999907123
35,1661121.287,8180090.108,36.444,80.1985,-0.39961032,0.999919607,0.999987432,0.999907039
36,1661125.251,8180077.565,36.917,80.6715,-0.39956868,0.999919613,0.999987358,0.999906971
37,1661148.843,8180084.003,37.503,81.2574,-0.39932666,0.999919610,0.999987266,0.999906876
39,1661133.640,8180043.450,37.607,81.3614,-0.39948001,0.999919630,0.999987249,0.999906880
100,1661076.498,8180049.079,36.577,80.3315,-0.40006772,0.999919627,0.999987411,0.999907039
A,1661091.750,8180055.667,36.893,80.6475,-0.39991143,0.999919624,0.999987361,0.999906986
AA,1661137.426,8180027.256,37.633,81.3873,-0.39943994,0.999919638,0.999987245,0.999906884
AB,1661166.956,8180035.868,37.585,81.3393,-0.39913705,0.999919633,0.999987253,0.999906887
AC,1661169.188,8180018.566,37.513,81.2673,-0.39911287,0.999919642,0.999987264,0.999906907
AD,1661117.229,8180000.996,37.384,81.1383,-0.39964564,0.999919651,0.999987284,0.999906936
AE,1661172.456,8180094.160,37.459,81.2134,-0.39908469,0.999919604,0.999987273,0.999906878
AF,1661144.285,8180010.196,37.586,81.3403,-0.39936822,0.999919646,0.999987253,0.999906900
AG,1661095.657,8180031.458,37.007,80.7614,-0.39986954,0.999919636,0.999987344,0.999906980
AH,1661238.126,8180070.413,37.592,81.3463,-0.39840803,0.999919616,0.999987252,0.999906869
AI,1661249.795,8180051.181,37.866,81.6202,-0.39828672,0.999919625,0.999987209,0.999906835
AJ,1661216.817,8180037.254,37.749,81.5032,-0.39862468,0.999919633,0.999987227,0.999906861
AK,1661133.308,8180042.121,37.610,81.3644,-0.39948333,0.999919630,0.999987249,0.999906880
AL,1661165.484,8180074.736,37.526,81.2804,-0.39915496,0.999919614,0.999987262,0.999906877
AM,1661199.974,8180036.028,37.534,81.2883,-0.39879770,0.999919633,0.999987261,0.999906895
AN,1661230.420,8180049.743,37.479,81.2332,-0.39848576,0.999919626,0.999987270,0.999906897
AP,1661196.511,8180029.473,37.556,81.3103,-0.39883282,0.999919636,0.999987258,0.999906895
AQ,1661106.404,8180024.190,36.490,80.2444,-0.39975856,0.999919639,0.999987425,0.999907065
B,1661126.912,8180062.462,37.518,81.2724,-0.39955052,0.999919620,0.999987263,0.999906885
C,1661152.850,8180069.587,37.483,81.2374,-0.39928444,0.999919617,0.999987269,0.999906887
D,1661183.340,8180082.435,37.413,81.1674,-0.39897198,0.999919610,0.999987280,0.999906891
E,1661200.515,8180085.215,37.491,81.2453,-0.39879566,0.999919609,0.999987268,0.999906877
F,1661229.042,8180095.162,37.288,81.0423,-0.39850317,0.999919604,0.999987299,0.999906904
G,1661168.574,8180109.230,37.407,81.1614,-0.39912567,0.999919597,0.999987281,0.999906879
I,1661144.100,8180097.858,37.111,80.8655,-0.39937640,0.999919603,0.999987327,0.999906931
J,1661149.490,8180073.959,37.375,81.1294,-0.39931929,0.999919615,0.999987286,0.999906901
K,1661152.594,8180065.827,37.635,81.3894,-0.39928680,0.999919619,0.999987245,0.999906865
L,1661156.472,8180067.042,37.603,81.3574,-0.39924703,0.999919618,0.999987250,0.999906869
M,1661156.033,8180076.064,37.541,81.2954,-0.39925219,0.999919613,0.999987260,0.999906874
N,1661172.627,8180081.369,37.595,81.3494,-0.39908202,0.999919611,0.999987251,0.999906863
O,1661203.348,8180085.399,37.560,81.3143,-0.39876655,0.999919609,0.999987257,0.999906867
P,1661224.726,8180086.743,37.488,81.2423,-0.39854693,0.999919608,0.999987268,0.999906877
Q,1661227.163,8180108.647,37.080,80.8343,-0.39852344,0.999919597,0.999987332,0.999906930
R,1661239.306,8180050.271,37.862,81.6162,-0.39839447,0.999919626,0.999987210,0.999906837
S,1661227.688,8180058.030,37.360,81.1143,-0.39851443,0.999919622,0.999987288,0.999906911
T,1661226.723,8180064.760,37.460,81.2143,-0.39852483,0.999919619,0.999987273,0.999906892
U,1661223.231,8180075.655,37.512,81.2663,-0.39856150,0.999919613,0.999987264,0.999906879
V,1661196.249,8180043.341,37.570,81.3243,-0.39883651,0.999919630,0.999987255,0.999906886
W,1661190.274,8180061.990,37.533,81.2873,-0.39889925,0.999919620,0.999987261,0.999906882
X,1661185.651,8180076.365,37.652,81.4064,-0.39894780,0.999919613,0.999987242,0.999906857
XX,1661176.522,8180076.360,37.533,81.2874,-0.39904163,0.999919613,0.999987261,0.999906875
Y,1661160.673,8180053.888,37.643,81.3974,-0.39920291,0.999919624,0.999987244,0.999906869
Z,1661204.414,8180081.983,37.760,81.5143,-0.39875535,0.999919610,0.999987226,0.999906837
