Point ID,X (m),Y (m),Z (m)
2,4203715.4044,181349.6561,4777419.3971
15,4203715.0415,181473.8341,4777415.3743
16,4203718.2362,181463.3405,4777413.1255
17,4203719.5918,181458.6381,4777412.0251
18,4203720.8352,181454.3423,4777411.0260
19,4203721.8750,181450.6849,4777410.1728
21,4203702.1860,181453.8276,4777427.4622
24,4203736.2810,181420.4221,4777398.7736
27,4203739.8231,181363.8576,4777397.6239
28,4203734.4484,181356.9907,4777402.7200
29,4203735.1679,181346.4516,4777401.9505
34,4203672.2833,181362.2043,4777454.6953
35,4203685.9611,181370.3977,4777443.2143
36,4203695.5091,181374.8652,4777435.3292
37,4203689.9144,181398.1944,4777440.1178
39,4203721.2012,181384.6093,4777413.4230
100,4203719.0553,181327.2783,4777416.0919
A,4203713.5737,181342.2630,4777420.7379
AA,4203733.2080,181389.0301,4777402.7964
AB,4203725.2749,181418.1872,4777408.5667
AC,4203738.1253,181421.0967,4777397.1296
AD,4203753.7601,181369.8830,4777385.2245
AE,4203681.1086,181421.3802,4777446.8812
AF,4203745.6692,181396.5527,4777391.5588
AG,4203731.6573,181347.1232,4777404.9004
AH,4203695.8705,181487.9185,4777431.6452
AI,4203709.9428,181500.3406,4777419.2410
AJ,4203721.9296,181467.9440,4777409.8313
AK,4203722.2182,181384.3301,4777412.5486
AL,4203696.0907,181415.1832,4777434.1093
AM,4203723.5243,181451.1616,4777408.7850
AN,4203711.7063,181481.0324,4777417.9141
AP,4203728.6336,181447.9613,4777404.4693
AQ,4203736.2608,181358.1303,4777399.7748
B,4203707.1769,181377.1367,4777425.8442
C,4203700.5438,181402.7647,4777430.6285
D,4203689.3656,181432.7132,4777439.1758
E,4203686.4966,181449.7621,4777441.1438
F,4203677.5063,181477.8603,4777447.6715
G,4203669.9341,181416.9070,4777456.7474
I,4203679.4711,181392.8994,4777448.9242
J,4203697.3488,181399.2330,4777433.4107
K,4203703.4825,181402.6615,4777428.2659
L,4203702.3606,181406.4865,4777429.0596
M,4203695.5593,181405.6906,4777434.9517
N,4203690.8047,181422.0590,4777438.5617
O,4203686.2666,181452.5868,4777441.3298
P,4203684.1751,181473.8865,4777442.2586
Q,4203667.3237,181475.4459,4777456.3859
R,4203711.1315,181489.8988,4777418.5907
S,4203705.5309,181477.9733,4777423.2689
T,4203700.5845,181476.7470,4777427.7713
U,4203692.5979,181472.8308,4777434.9686
V,4203718.2311,181447.1534,4777413.6105
W,4203704.4775,181440.4488,4777425.8353
X,4203693.9738,181435.2677,4777435.3693
XX,4203694.3407,181426.1454,4777435.2346
Y,4203712.0715,181411.2025,4777420.4473
Z,4203688.9144,181453.7919,4777439.2359
