Point ID,Latitude (deg),Longitude (deg),Ellipsoidal height h (m)
2,48.8193987692,2.4702269726,81.0525
15,48.8193411711,2.4719165603,81.3112
16,48.8193093180,2.4717719248,81.4222
17,48.8192950089,2.4717071552,81.3523
18,48.8192819396,2.4716479835,81.2963
19,48.8192709252,2.4715976151,81.2343
21,48.8195055028,2.4716519327,81.3843
24,48.8191148580,2.4711774497,81.2723
27,48.8191006040,2.4704058449,81.1314
28,48.8191691213,2.4703155784,81.2364
29,48.8191627749,2.4701717779,80.8314
34,48.8198956676,2.4704229946,79.6095
35,48.8197328178,2.4705264339,80.1985
36,48.8196202697,2.4705816075,80.6715
37,48.8196796445,2.4709022753,81.2574
39,48.8193140062,2.4706990892,81.3614
100,48.8193610412,2.4699203918,80.3315
A,48.8194212433,2.4701274681,80.6475
AA,48.8191686141,2.4707521845,81.3873
AB,48.8192479108,2.4711535072,81.3393
AC,48.8190924571,2.4711855439,81.2673
AD,48.8189311964,2.4704796361,81.1383
AE,48.8197724640,2.4712228770,81.2134
AF,48.8190156268,2.4708472098,81.3403
AG,48.8192037817,2.4701829748,80.7614
AH,48.8195630218,2.4721194309,81.3463
AI,48.8193908017,2.4722801613,81.6202
AJ,48.8192634965,2.4718323843,81.5032
AK,48.8193020339,2.4706946942,81.3644
AL,48.8195973509,2.4711297740,81.2804
AM,48.8192514172,2.4716031320,81.2883
AN,48.8193766586,2.4720164475,81.2332
AP,48.8191922526,2.4715565942,81.3103
AQ,48.8191390964,2.4703300182,80.2444
B,48.8194845555,2.4706056615,81.2724
C,48.8195502553,2.4709582113,81.2374
D,48.8196677050,2.4713722090,81.1674
E,48.8196937803,2.4716058371,81.2453
F,48.8197850167,2.4719933798,81.0423
G,48.8199077424,2.4711685816,81.1614
I,48.8198039425,2.4708363692,80.8655
J,48.8195893613,2.4709120395,81.1294
K,48.8195164263,2.4709550819,81.3894
L,48.8195275956,2.4710077776,81.3574
M,48.8196087012,2.4710009431,81.2954
N,48.8196574477,2.4712264190,81.3494
O,48.8196956123,2.4716443998,81.3143
P,48.8197090363,2.4719354013,81.2423
Q,48.8199061671,2.4719665139,80.8343
R,48.8193819625,2.4721374076,81.6162
S,48.8194510111,2.4719784580,81.1143
T,48.8195114723,2.4719646791,81.2143
U,48.8196092305,2.4719160926,81.2663
V,48.8193169485,2.4715517116,81.3243
W,48.8194842812,2.4714685757,81.2873
X,48.8196132634,2.4714042561,81.4064
XX,48.8196126467,2.4712799367,81.2874
Y,48.8194095675,2.4710662353,81.3974
Z,48.8196649596,2.4716592406,81.5143
