Point ID,X (m),Y (m),Z (m),Coordinate epoch
2,4203714.9744,181350.1429,4777419.7709,2019.0
15,4203714.6114,181474.3209,4777415.7481,2019.0
16,4203717.8061,181463.8274,4777413.4993,2019.0
17,4203719.1618,181459.1250,4777412.3989,2019.0
18,4203720.4052,181454.8292,4777411.3997,2019.0
19,4203721.4450,181451.1717,4777410.5466,2019.0
21,4203701.7560,181454.3145,4777427.8360,2019.0
24,4203735.8510,181420.9090,4777399.1474,2019.0
27,4203739.3930,181364.3445,4777397.9977,2019.0
28,4203734.0184,181357.4775,4777403.0938,2019.0
29,4203734.7378,181346.9384,4777402.3243,2019.0
34,4203671.8533,181362.6912,4777455.0691,2019.0
35,4203685.5311,181370.8846,4777443.5881,2019.0
36,4203695.0790,181375.3520,4777435.7030,2019.0
37,4203689.4843,181398.6813,4777440.4916,2019.0
39,4203720.7711,181385.0961,4777413.7968,2019.0
100,4203718.6253,181327.7651,4777416.4657,2019.0
A,4203713.1436,181342.7499,4777421.1117,2019.0
AA,4203732.7780,181389.5170,4777403.1702,2019.0
AB,4203724.8449,181418.6741,4777408.9404,2019.0
AC,4203737.6952,181421.5836,4777397.5034,2019.0
AD,4203753.3300,181370.3699,4777385.5983,2019.0
AE,4203680.6785,181421.8670,4777447.2549,2019.0
AF,4203745.2391,181397.0396,4777391.9326,2019.0
AG,4203731.2273,181347.6100,4777405.2742,2019.0
AH,4203695.4404,181488.4054,4777432.0190,2019.0
AI,4203709.5128,181500.8274,4777419.6148,2019.0
AJ,4203721.4996,181468.4309,4777410.2051,2019.0
AK,4203721.7882,181384.8169,4777412.9224,2019.0
AL,4203695.6606,181415.6701,4777434.4831,2019.0
AM,4203723.0943,181451.6484,4777409.1588,2019.0
AN,4203711.2762,181481.5192,4777418.2879,2019.0
AP,4203728.2035,181448.4482,4777404.8431,2019.0
AQ,4203735.8308,181358.6171,4777400.1486,2019.0
B,4203706.7468,181377.6236,4777426.2179,2019.0
C,4203700.1138,181403.2515,4777431.0023,2019.0
D,4203688.9355,181433.2000,4777439.5496,2019.0
E,4203686.0665,181450.2490,4777441.5176,2019.0
F,4203677.0762,181478.3471,4777448.0453,2019.0
G,4203669.5040,181417.3938,4777457.1212,2019.0
I,4203679.0411,181393.3862,4777449.2980,2019.0
J,4203696.9188,181399.7198,4777433.7845,2019.0
K,4203703.0525,181403.1483,4777428.6397,2019.0
L,4203701.9306,181406.9733,4777429.4334,2019.0
M,4203695.1293,181406.1774,4777435.3255,2019.0
N,4203690.3746,181422.5458,4777438.9355,2019.0
O,4203685.8366,181453.0736,4777441.7036,2019.0
P,4203683.7450,181474.3733,4777442.6324,2019.0
Q,4203666.8937,181475.9328,4777456.7597,2019.0
R,4203710.7015,181490.3856,4777418.9645,2019.0
S,4203705.1008,181478.4602,4777423.6427,2019.0
T,4203700.1544,181477.2338,4777428.1451,2019.0
U,4203692.1679,181473.3177,4777435.3424,2019.0
V,4203717.8010,181447.6403,4777413.9843,2019.0
W,4203704.0474,181440.9357,4777426.2091,2019.0
X,4203693.5437,181435.7545,4777435.7431,2019.0
XX,4203693.9107,181426.6323,4777435.6084,2019.0
Y,4203711.6415,181411.6893,4777420.8211,2019.0
Z,4203688.4844,181454.2788,4777439.6097,2019.0
